MARCA	SKU	DESCRIPCION
ALTRAC	ACCALTRACPARLPROMOQ25WT	ALTRAC PARLANTE PROMO Q25 
ALTRAC	ACCALTRACTRACKTAGPROMOWT  	ALTRAC TRACK TAG PROMO 
MOW	ACCMOWPROMKITSTREAMERBK	MOW PROMOCIONAL KIT STREAMER
MOW	ACCMOWPROMSLFSTCKTRIPBK	MOW PROMOC SELFIE STICK Y TRIPODE
GREATNICE	ACCGENERICOPARLANTEPROM3	GENERICO PARLANTE PROMO 3
GREATNICE	ACCMAXELLPROMOAUOEBLANCO	MAXELL PROMO AUDÍFONO OE BLANCO
GREATNICE	ACCMAXELLPROMOAUOENEGRO	MAXELL PROMO AUDÍFONO OE NEGRO
GREATNICE	ACCMAXELLPROMOAUOEAZUL	MAXELL PROMO AUDÍFONO OE AZUL
APPLE	ACCAPPLECARG20WUSBC	APPLE 20W USB C POWER ADAPTER AME - Blanco
APPLE	ACCAPPLECABLEUSBCUSBCWT	APPLE CABLE USB C A C
APPLE	ACCAPPLECABLEUSBCLIGHTN	APPLE CABLE USB C A LIGHTNING
APPLE	ACCAPPLECABLEUSBLIGHT1M	APPLE CABLE LIGHTNING A USB 1M
APPLE	ACCAPPLEEARPODSCONTYPEC	APPLE EARPODS CONECTOR TYPE C
APPLE	ACCAPPLEAUDIFEARPODLIGHT	APPLE AUDIF EARPODS LIGHTNING
APPLE	ACCAPPLEAIRPODS4GEN	APPLE AIRPODS 4TA GENERACION
APPLE	ACCAPPLEAIRPODSPROUSBC	APPLE AIRPOS PRO 2DA GEN USBC
APPLE	ACCAPPLEAIRPODSPRO3WT	APPLE AIRPODS PRO 3 WHITE
APPLE	ACCAPPLEWATCHSEGPS40WTSM	APPLE WATCH SE GPS 40 MM S/M BLANCO
APPLE	ACCAPPLEWATCHSE3GPS4OMLM	APPLE WATCH SE3 GPS 40 MM ML MIDNIGHT
APPLE	ACCAPPLEWATCHSE3GPS40SMS	APPLE WATCH SE3 GPS 40 MM SM STARLIGHT
APPLE	ACCAPPLEWATCHSEGPS40MNML	APPLE WATCH SE GPS 40 MM M/L MEDIA NOCHE 
APPLE	ACCAPPLEWATCH10GPS46BKML	APPLE WATCH S10 GPS 46MM NEGRO M/L
I2GO	ACCI2GOAUDIFBTAIRSNDGOWT	I2GO AUDIFONOS BT AIR SOUND GO BLANCO
BINDU	ACCAUDIFBINDUBTBK	Bindu Audifonos Bluetooth - Negro
BINDU	ACCCABLEBINDUMICROUSBGY	Bindu Cable Micro USB - Gris
BINDU	ACCCABLEBINDUUSBCGY	Bindu Cable USB Tipo C - Gris
BINDU	ACCBINDLGHTCABLALIGHTNGY	Bindu Light cable usba a lightnin gris
BINDU	ACCBINDLGHTCABLALIGHTNWT	Bindu light cable usbc a lightnin blanco
BINDU	ACCBINDLGHTCABLECACWT	Bindu light cable usb c a tipo c blanco
BOSE	ACCBOSESOUNDLINKFLEX2BK	BOSE SOUNDLINK FLEX 2DA GEN 
ENTEL	ACCDIMITREESUPERPOWER	DIMITREE SUPER POWER
ENTEL	ACCDIMITREEPNTLOTUMSMO24	DIMITREE PINTALO TU MISMO
HUAWEI	HUAWEIWATCHKIDSPK	HUAWEI WATCH KIDS ROSA (4 PRO)
HUAWEI	ACCHUAWEIFREEBUDS7IWH	HUHAWEI FREEBUDS 7I BLANCO
HUAWEI	HUAWEIWATCHKIDSBL	HUAWEI WATCH KIDS AZUL (4 PRO)
HUAWEI	ACCHUAWEIGT646MMNEGRO	HUAWEI WATCHGT6 46MM NEGRO
HUAWEI	ACCHUAWEIFREEBUDSSE2WH	HUAWEI FREEBUDS SE2
HUAWEI	ACCHUAWEIFREEBUDSSE2	HUAWEI AUDÍFONOS FREEBUDS SE2
LG	ACCLGPARLANTEXG2NEGRO	LG XBOOM GO (PARLANTE)
SAMSUNG	ACCSAMCARG25WSNCBLBKV3	SAMSUNG CARG 25W SN CABLE V3
SAMSUNG	ACCSAMSUNGCARG45WBKV2	SAMSUNG CARGADOR 45W BK V2
SAMSUNG	ACCSAMSUNGGALAXYFIT3GRAF	SAMSUNG GALAXY FIT3 GRAFITO
SAMSUNG	ACCSAMSUNGGALAXYFIT3ROSA	SAMSUNG GALAXY FIT3 ROSADO
SAMSUNG	ACCSAMSUNGBUDSFE	SAMSUNG AUDIFONOS BUDS FE
SAMSUNG	ACCSAMSUNGBUDSCORE	SAMSUNG BUDS CORE
SAMSUNG	ACCSAMSUNGBUDS3FEGRAFITO	SAMSUNG BUDS FE 3
SAMSUNG	ACCSMSUNGTABA11PLUS128GY	SAMSUNG TAB A11 PLUS 6GB 128GB GRAFITO
XIAOMI	ACCXIAOMIBAND9ACTIVENEGR	XIAOMI SMART BAND 9 ACTIVE NEGRO
XIAOMI	ACCXIAOMIBAND9ACTIVEROSA	XIAOMI SMART BAND 9 ACTIVE ROSA
XIAOMI	ACCXIAOMIWATCH5ACTIVEBK	REDMI WATCH 5 ACTIVE NEGRO
XIAOMI	ACCXIAOMIWATCH5LITEBK	XIAOMI WATCH 5 LITE NEGRO
XIAOMI	ACCXIAOMIWATCHS4NEGRO	XIAOMI WATCH S4 NEGRO
XIAOMI	ACCXIAOMIS441MMVERDE	XIAOMI WATCH S4 41MM VERDE
XIAOMI	ACCxmiREDMIBUDS6ACTIVEBK	REDMI BUDS 6 ACTIVE
XIAOMI	ACCXIAOMIREDMIBUDS6 	REDMI BUDS 6
XIAOMI	ACCXIAOMIREDMIBUDS6PROBK	REDMI BUDS 6 PRO NEGRO
XIAOMI	ACCXIAOMISPKRSOUNDOUT30W	XIAOMI SPEAKER SOUND OUTDOOR 30W
XIAOMI	ACCXIAOMIRDMBATERIA20KBK	XIAOMI REDMI POWERBANK 2000MAH NEGRO
XIAOMI	ACCXIAOMIPWRBNK10KLITEWT	XIAOMI POWERBANK 10 KMAH 22,5 LITE BLANCO
XIAOMI	XIAOMIPAD2LTEGRIS	XIAOMI PAD 2 LTE
XIAOMI	ACCXIAOMIPAD2PRO256KBPNB	XIAOMI TAB PAD 2 PRO 256GB KB Y PEN BK
XIAOMI	ACCXIAOMIBUDS8LITEBK	XIAOMI REDMI BUDS 8 LITE
XIAOMI	ACCXIAOMIREDMIBUDS8ACTBK	XIAOMI REDMI BUDS 8 ACTIVE
XIAOMI	XIAOMITABPADSELTEGRY 	XIAOMI TABLET PAD SE LTE 4G RAM 128GB GRIS (IMEI)
HARMAN	ACCHARMANKARDONBTONYX6	HARMAN KARDON PARLANTE BTONYX6
HARMAN	ACCHARMANKARDONBTONYX8	HARMAN KARDON PARLANTE BTONYX8
HONOR	HONORTABX8ALTEGRAY	HONOR TAB X8a with Flip Cover (IMEI)
HONOR	HONORTABX8BLTEGRAY	HONOR TAB X8B LTE GRAY
HONOR	HONORPADX9ALTECVERBK	HONOR PACK PAD X9a 128GB LTE GRIS FLIP COVER
HONOR	ACCHONORCHOICESPKERPROBK	HONOR CHOICE PORTABLE SPEAKER PRO
HONOR	ACCHONORCHEARBUDX7LITEWT	HONOR CHOICE EARBUDS X7 LITE BLANCO
HONOR	ACCHONOREARBUDSS7GRIS	HONOR CHOICE EARBUDS S7 GRIS
HONOR	ACCHONOREARBUDSS8GRIS	HONOR CHOICE EARBUDS S8 GRIS
HONOR	ACCHONORCHOICEWATCH2IBK	HONOR CHOICE WATCH 2I NEGRO 
HONOR	ACCHONORPADX7128GRIS	HONOR PAD X7 128GB GRIS
HONOR	ACCHONORPAD10KEYBOARDGR	HONOR PAD 10 KEYBOARD 
HONOR	ACCHONORCHOICEWATCH2IBK	HONOR CHOICE WATCH 2i NEGRO 
HONOR	ACCHONORCHOICEWTCH2PROBK	HONOR CHOICE WATCH 2 PRO NEGRO
ENTEL	ACCDIMITREEPNTLOTUMSMO24	DIMITREE PINTALO TU MISMO
ENTEL	ACCALBUMDIMITREEPAQUETON	PACK ALBUM DIMITREE Y SOBRES
JBL	ACCJBLGO4BLACK	GO 4 BLACK
JBL	ACCJBLFLIP6BLACK	FLIP 6 BLACK
JBL	ACCJBLTWSWAVEBUDS2BK	WAVE BUDS 2 TWS BLACK
JBL	ACCJBLWAVEBUDSTWSBK	WAVE BUDS TWS BLACK
ALTRAC	ACCALTRACPIZARRADIGKIDS	TABLETA DE ESCRITURA 12"
MOTOROLA	ACCMOTOROLAWATCH120NEGRO	MOTO WATCH 120 NEGRO
MOTOROLA	ACCMOTOROLAMOTOBUDSCELE	MOTOROLA MOTO BUDS 
MOTOROLA	ACCMOTOROLAMOTOBASSBK	MOTOROLA MOTO BUDS BASS
SONY	ACCPLAYSTATION5SLIMDIGPK	SONY PLAYSTATIONS SLIM DIG PACK 2 JUEGOS
SONY	ACCPLAYSTATION5SLIMSTDPK	SONY PS5 SLIM STD PACK 2 JUEGOS
SONY	ACCSONYMANDODUALSENSEWT	SONY MANDO DUALSENSE BLANCO
SONY	ACCSONYPS5STDGT7ASTROMAT	SONY PS5 STD BUNDLE 2,0 ASTROBOT + GT7
SONY	ACCSONYPS5DIGASTROBOTGT7	SONY PS5 DIG BUNDLE 2,0 ASTROBOT + GT7
BASEUS	ACCBASEUSCABLECACNEGRO	BASEUS CABLE C A C
BASEUS	ACCBASEUSCARG20WSINCABLE	BASEUS CARGADOR ALT 20W
SKULLCANDY	ACCSKULLCANDYSMOKIBUDSNG	SKULLCANDY SMOKING BUDS NEGRO